name,salary,position
宋静,8000.0,普通职员
叶坤,7229.0,普通职员
杨玉兰,205591.0,高层管理
杨淑英,15780.0,中层管理
周健,18059.0,中层管理
郭东,8586.0,普通职员
张玉,15811.0,中层管理
钟海燕,9971.0,普通职员
曾建军,7772.0,普通职员
温莉,9992.0,普通职员
夏玉华,16299.0,中层管理
王艳,7433.0,普通职员
李金凤,16057.0,中层管理
胡建国,,普通职员
钟兵,9683.0,普通职员
曹静,16358.0,中层管理
曾红霞,17107.0,中层管理
陆慧,15231.0,中层管理
周桂花,8749.0,普通职员
张欢,16468.0,中层管理
赵浩,18824.0,中层管理
余桂珍,7153.0,普通职员
翁桂花,8983.0,普通职员
王淑英,8000.0,普通职员
贾鑫,8000.0,普通职员
萧艳,17746.0,中层管理
刘岩,7642.0,普通职员
潘建军,18944.0,中层管理
陈凤兰,15827.0,中层管理
喻桂荣,7454.0,普通职员
张亮,15102.0,中层管理
仝强,8000.0,普通职员
刘坤,8000.0,普通职员
张婷,8386.0,普通职员
朱彬,15993.0,中层管理
解兵,18518.0,中层管理
高红,15624.0,中层管理
赵刚,16523.0,中层管理
盛燕,15114.0,中层管理
欧彬,19664.0,中层管理
罗雪,7366.0,普通职员
杨峰,16850.0,中层管理
蔺博,15119.0,中层管理
陈欣,17932.0,中层管理
戚秀英,7996.0,普通职员
叶冬梅,8000.0,普通职员
曾晶,15043.0,中层管理
廖琴,8964.0,普通职员
李楠,15744.0,中层管理
王林,15855.0,中层管理
赵凤兰,15131.0,中层管理
魏龙,15198.0,中层管理
李岩,15816.0,中层管理
张建,15603.0,中层管理
刘军,8872.0,普通职员
闻丽丽,7292.0,普通职员
吴英,18773.0,中层管理
薛云,16685.0,中层管理
郑建华,7909.0,普通职员
吴秀梅,15013.0,中层管理
杜莉,17185.0,中层管理
史柳,18101.0,中层管理
逯小红,8000.0,普通职员
张雪梅,18716.0,中层管理
杨慧,8000.0,普通职员
李辉,15249.0,中层管理
郭帆,15815.0,中层管理
杨秀兰,7418.0,普通职员
唐平,8000.0,普通职员
陈欣,15108.0,中层管理
张静,15495.0,中层管理
陈丽娟,8223.0,普通职员
杜芳,15961.0,中层管理
楚波,18036.0,中层管理
梁霞,7237.0,普通职员
高杨,8000.0,普通职员
包凤兰,9320.0,普通职员
陈畅,9284.0,普通职员
冯磊,7166.0,普通职员
张桂香,15183.0,中层管理
王成,8847.0,普通职员
陆涛,17733.0,中层管理
郭欢,7109.0,普通职员
宋斌,8000.0,普通职员
陈飞,15184.0,中层管理
陈红,8000.0,普通职员
王龙,15290.0,中层管理
王彬,8556.0,普通职员
李秀珍,8000.0,普通职员
佘玉梅,17860.0,中层管理
张强,15197.0,中层管理
张宇,8000.0,普通职员
邓洁,15777.0,中层管理
舒秀芳,8959.0,普通职员
苏倩,15069.0,中层管理
李楠,19544.0,中层管理
章想,8274.0,普通职员
刘丹,15562.0,中层管理
尹璐,15353.0,中层管理
雷洁,15266.0,中层管理
高红梅,7790.0,普通职员
邓岩,19050.0,中层管理
胡雪,15691.0,中层管理
邱建军,7301.0,普通职员
辛琳,7214.0,普通职员
鲍宇,7349.0,普通职员
陈磊,17661.0,中层管理
姚兰英,15419.0,中层管理
王丹丹,7761.0,普通职员
赵晨,7136.0,普通职员
戴林,8000.0,普通职员
孙坤,18550.0,中层管理
申婷婷,15283.0,中层管理
徐晨,8000.0,普通职员
叶凤英,15564.0,中层管理
韩淑珍,15577.0,中层管理
金东,18156.0,中层管理
李丽华,7804.0,普通职员
江成,9810.0,普通职员
张柳,18465.0,中层管理
翁玉梅,15778.0,中层管理
古波,18269.0,中层管理
张桂芝,8000.0,普通职员
熊建平,7421.0,普通职员
邹鹏,8000.0,普通职员
邢刚,15309.0,中层管理
林浩,7899.0,普通职员
刘秀华,18470.0,中层管理
汤军,15169.0,中层管理
王丽丽,15372.0,中层管理
崔秀兰,15973.0,中层管理
孔波,8411.0,普通职员
周凤英,7829.0,普通职员
张娟,8000.0,普通职员
张莹,7704.0,普通职员
罗琴,15006.0,中层管理
刘华,7103.0,普通职员
李岩,18580.0,中层管理
邓畅,7316.0,普通职员
郭强,18407.0,中层管理
袁旭,15507.0,中层管理
杨桂珍,7752.0,普通职员
侯芳,9495.0,普通职员
韩婷,8940.0,普通职员
韩敏,17232.0,中层管理
张军,8000.0,普通职员
陈军,8000.0,普通职员
胡丹,16040.0,中层管理
李云,8000.0,普通职员
李洁,9212.0,普通职员
江晶,8415.0,普通职员
温畅,19299.0,中层管理
刘建,15319.0,中层管理
王军,8000.0,普通职员
乔秀兰,17657.0,中层管理
李秀华,8094.0,普通职员
孙淑珍,16202.0,中层管理
邹桂香,9652.0,普通职员
杨雷,15248.0,中层管理
张柳,8000.0,普通职员
孙柳,8000.0,普通职员
吴瑜,8000.0,普通职员
李璐,9054.0,普通职员
丁彬,15491.0,中层管理
万淑珍,7512.0,普通职员
苏玉珍,15399.0,中层管理
王玉梅,15217.0,中层管理
林兰英,15157.0,中层管理
谭柳,15007.0,中层管理
熊丽,9150.0,普通职员
刘慧,9921.0,普通职员
顾桂花,7407.0,普通职员
吕想,8000.0,普通职员
陆秀云,19369.0,中层管理
萧秀荣,16186.0,中层管理
冯莹,15428.0,中层管理
王雷,18837.0,中层管理
温畅,15035.0,中层管理
郑小红,15843.0,中层管理
刘兵,15289.0,中层管理
陈柳,15518.0,中层管理
黎敏,17147.0,中层管理
张桂花,17459.0,中层管理
吴芳,7705.0,普通职员
路磊,16048.0,中层管理
杨明,16844.0,中层管理
章霞,15063.0,中层管理
张志强,7875.0,普通职员
卢建华,8000.0,普通职员
王坤,8000.0,普通职员
朱红霞,7788.0,普通职员
陈旭,8000.0,普通职员
侯金凤,15663.0,中层管理
祁倩,8000.0,普通职员
赵建国,9938.0,普通职员
赵小红,15875.0,中层管理
金丽华,7140.0,普通职员
许欢,16233.0,中层管理
严洁,7441.0,普通职员
刘辉,9159.0,普通职员
李莹,19303.0,中层管理
朱莹,8622.0,普通职员
刘柳,8484.0,普通职员
谢伟,7213.0,普通职员
潘英,7650.0,普通职员
孙琴,7619.0,普通职员
郭桂兰,15258.0,中层管理
石想,19585.0,中层管理
翁建国,8036.0,普通职员
郭想,15254.0,中层管理
戴辉,7428.0,普通职员
李岩,17858.0,中层管理
庞博,17055.0,中层管理
刘桂花,15134.0,中层管理
黄彬,15045.0,中层管理
尹凤兰,8438.0,普通职员
单璐,15844.0,中层管理
许秀兰,15523.0,中层管理
岳婷婷,15899.0,中层管理
潘晨,9599.0,普通职员
杨伟,15975.0,中层管理
叶帆,15473.0,中层管理
张丽娟,7322.0,普通职员
栗芳,15881.0,中层管理
王军,9918.0,普通职员
徐宁,7830.0,普通职员
魏飞,7866.0,普通职员
殷玉英,8000.0,普通职员
李畅,17648.0,中层管理
龚璐,15771.0,中层管理
李桂兰,9561.0,普通职员
谢燕,15775.0,中层管理
冯燕,15282.0,中层管理
邓波,8887.0,普通职员
田桂香,18796.0,中层管理
刘彬,8466.0,普通职员
张宁,9370.0,普通职员
蔡文,7917.0,普通职员
李燕,17407.0,中层管理
刘旭,17673.0,中层管理
马莹,8000.0,普通职员
李帅,19597.0,中层管理
张云,9791.0,普通职员
陈瑜,15783.0,中层管理
曾萍,7485.0,普通职员
曹萍,15736.0,中层管理
熊建华,15072.0,中层管理
蒲健,8000.0,普通职员
孙彬,15399.0,中层管理
姜荣,8000.0,普通职员
刘娟,8722.0,普通职员
游平,18153.0,中层管理
曹平,15524.0,中层管理
张林,8000.0,普通职员
杜秀梅,7954.0,普通职员
郭春梅,9235.0,普通职员
董晶,15668.0,中层管理
罗燕,19212.0,中层管理
陈利,8362.0,普通职员
程丽丽,15131.0,中层管理
周杰,19277.0,中层管理
田红,8000.0,普通职员
龚飞,245798.0,高层管理
沙想,15057.0,中层管理
袁荣,7780.0,普通职员
李宁,7430.0,普通职员
黄凤英,15816.0,中层管理
廖勇,8993.0,普通职员
刘健,15444.0,中层管理
冉欢,7095.0,普通职员
王红,18204.0,中层管理
马帅,7879.0,普通职员
汪雪梅,8330.0,普通职员
杨雪梅,15893.0,中层管理
袁利,15459.0,中层管理
胡桂荣,8000.0,普通职员
雷涛,7942.0,普通职员
厉宁,9413.0,普通职员
曾燕,15312.0,中层管理
吴萍,15927.0,中层管理
冯瑜,9898.0,普通职员
史小红,7335.0,普通职员
郭文,8000.0,普通职员
高健,15082.0,中层管理
罗畅,519058.0,高层管理
胡成,15977.0,中层管理
李林,9178.0,普通职员
张柳,7511.0,普通职员
严伟,8000.0,普通职员
俞丹丹,15335.0,中层管理
张林,8131.0,普通职员
胡勇,8000.0,普通职员
李红,15691.0,中层管理
张建平,7109.0,普通职员
吴佳,8000.0,普通职员
李红,9428.0,普通职员
王林,8000.0,普通职员
秦丹丹,18928.0,中层管理
安淑英,,中层管理
夏霞,8000.0,普通职员
杨颖,19348.0,中层管理
辛娜,15625.0,中层管理
陈荣,16980.0,中层管理
王淑珍,15480.0,中层管理
李欣,9403.0,普通职员
胡秀云,8000.0,普通职员
韩霞,19591.0,中层管理
沈红,15899.0,中层管理
娄玉珍,9118.0,普通职员
罗冬梅,15141.0,中层管理
赵桂英,9643.0,普通职员
许洁,8001.0,普通职员
郑艳,18755.0,中层管理
向平,15413.0,中层管理
苏洁,16037.0,中层管理
黄帅,18834.0,中层管理
刘飞,15256.0,中层管理
张鹏,8000.0,普通职员
赖玲,7162.0,普通职员
罗梅,7410.0,普通职员
晏欢,7550.0,普通职员
张鑫,8623.0,普通职员
白丽华,,普通职员
钟英,7973.0,普通职员
邵健,8000.0,普通职员
梁桂香,15557.0,中层管理
刘晶,8000.0,普通职员
邢涛,19949.0,中层管理
刘红梅,8000.0,普通职员
陈雪梅,15830.0,中层管理
陈兵,15885.0,中层管理
刘丽娟,17721.0,中层管理
刘博,15414.0,中层管理
冯平,8000.0,普通职员
张林,15765.0,中层管理
徐娟,9193.0,普通职员
彭辉,8000.0,普通职员
陈宁,9157.0,普通职员
欧丽,18969.0,中层管理
张东,16512.0,中层管理
唐健,8000.0,普通职员
张建华,15422.0,中层管理
韦丽娟,15383.0,中层管理
贺丽,8000.0,普通职员
金雷,15478.0,中层管理
刘玉兰,7870.0,普通职员
王明,8000.0,普通职员
许淑兰,7063.0,普通职员
吴帅,15494.0,中层管理
杨畅,15829.0,中层管理
邓丹,19823.0,中层管理
薛秀云,8000.0,普通职员
魏淑兰,9186.0,普通职员
谭婷,7862.0,普通职员
陈艳,8858.0,普通职员
黄坤,581928.0,高层管理
曾想,15481.0,中层管理
谭坤,200489.0,高层管理
袁丽娟,8000.0,普通职员
赵玉华,15579.0,中层管理
时桂英,8000.0,普通职员
张桂荣,19513.0,中层管理
张敏,9321.0,普通职员
罗磊,18089.0,中层管理
倪洁,8886.0,普通职员
谢玉华,7245.0,普通职员
孙阳,8037.0,普通职员
李鑫,15905.0,中层管理
黄秀华,7383.0,普通职员
蒋明,7511.0,普通职员
杨志强,7394.0,普通职员
冯明,15080.0,中层管理
赵健,7713.0,普通职员
任霞,8225.0,普通职员
马玉英,9627.0,普通职员
王建平,8000.0,普通职员
刘阳,17061.0,中层管理
米桂荣,15280.0,中层管理
黄丹丹,15876.0,中层管理
成飞,15342.0,中层管理
彭彬,7598.0,普通职员
焦东,18362.0,中层管理
李浩,15547.0,中层管理
纪敏,7058.0,普通职员
王冬梅,15694.0,中层管理
张丽丽,15071.0,中层管理
曹浩,15303.0,中层管理
周秀兰,7634.0,普通职员
王秀珍,8000.0,普通职员
吴宁,15824.0,中层管理
郭飞,8000.0,普通职员
郝颖,15619.0,中层管理
张欢,7990.0,普通职员
余萍,15408.0,中层管理
韩洋,19852.0,中层管理
夏杰,7756.0,普通职员
刘畅,7028.0,普通职员
陈健,9108.0,普通职员
杨建华,8835.0,普通职员
刘颖,9066.0,普通职员
张雪,16346.0,中层管理
杨静,8000.0,普通职员
袁明,8784.0,普通职员
任冬梅,7306.0,普通职员
张云,9433.0,普通职员
周华,15936.0,中层管理
汪婷,16240.0,中层管理
孙林,8000.0,普通职员
郭红霞,15288.0,中层管理
李柳,15432.0,中层管理
张雪梅,15145.0,中层管理
张桂荣,15277.0,中层管理
卢琴,15367.0,中层管理
姚冬梅,7013.0,普通职员
巫刚,7174.0,普通职员
陈想,8000.0,普通职员
李欢,8000.0,普通职员
南春梅,7734.0,普通职员
陶红,15010.0,中层管理
李桂芝,8000.0,普通职员
耿桂香,15531.0,中层管理
陈红梅,8531.0,普通职员
杨玲,8000.0,普通职员
刘志强,15772.0,中层管理
田琴,9308.0,普通职员
姜小红,9705.0,普通职员
黎凤英,15884.0,中层管理
黄玉兰,8000.0,普通职员
王畅,9966.0,普通职员
孙帆,15881.0,中层管理
朱利,7727.0,普通职员
周琳,16071.0,中层管理
张秀梅,15935.0,中层管理
邓桂兰,7638.0,普通职员
焦玉华,15331.0,中层管理
赵洁,7670.0,普通职员
徐帆,7291.0,普通职员
陈玉梅,16597.0,中层管理
王秀珍,8289.0,普通职员
纪凤英,18713.0,中层管理
曹璐,16332.0,中层管理
范兰英,15728.0,中层管理
钟军,7525.0,普通职员
徐玉珍,15320.0,中层管理
黄勇,15729.0,中层管理
梁龙,8859.0,普通职员
张瑞,7434.0,普通职员
吴荣,8000.0,普通职员
刘俊,7751.0,普通职员
王文,8000.0,普通职员
刘小红,201820.0,高层管理
方小红,7860.0,普通职员
胡鹏,16308.0,中层管理
袁秀兰,17968.0,中层管理
高亮,9231.0,普通职员
彭琳,15778.0,中层管理
胥敏,8579.0,普通职员
唐瑞,18680.0,中层管理
郑凤兰,8000.0,普通职员
罗敏,18354.0,中层管理
吴琳,17953.0,中层管理
陈莹,15894.0,中层管理
卢旭,8000.0,普通职员
王丹,8060.0,普通职员
吴秀英,15644.0,中层管理
袁建华,15643.0,中层管理
闻燕,8000.0,普通职员
周利,16358.0,中层管理
武淑珍,18275.0,中层管理
程利,15538.0,中层管理
曹玉梅,8000.0,普通职员
李鹏,8000.0,普通职员
李荣,8961.0,普通职员
韩建平,7396.0,普通职员
林志强,8038.0,普通职员
孙秀珍,9371.0,普通职员
冯秀芳,18183.0,中层管理
张帆,15662.0,中层管理
任明,7208.0,普通职员
邹斌,8689.0,普通职员
张佳,15411.0,中层管理
刘明,15025.0,中层管理
李明,9656.0,普通职员
姜亮,17982.0,中层管理
孙桂花,8218.0,普通职员
陈鑫,8699.0,普通职员
周兰英,7731.0,普通职员
黄兰英,15882.0,中层管理
赖磊,18016.0,中层管理
毛坤,17398.0,中层管理
尹磊,8000.0,普通职员
王琴,16192.0,中层管理
刘明,15140.0,中层管理
陈峰,18328.0,中层管理
刘峰,18219.0,中层管理
白晨,8289.0,普通职员
傅岩,7829.0,普通职员
何金凤,15061.0,中层管理
罗峰,7509.0,普通职员
潘秀兰,16058.0,中层管理
王静,18976.0,中层管理
杨飞,15159.0,中层管理
陈林,17308.0,中层管理
陈辉,19978.0,中层管理
卢莹,8000.0,普通职员
张桂英,15002.0,中层管理
孙雪,8000.0,普通职员
杜荣,7270.0,普通职员
许佳,15408.0,中层管理
陈建平,15181.0,中层管理
秦楠,8217.0,普通职员
路红,8000.0,普通职员
李秀兰,16215.0,中层管理
李淑兰,7998.0,普通职员
孙旭,7979.0,普通职员
吕淑珍,8935.0,普通职员
庄成,7124.0,普通职员
李红梅,7840.0,普通职员
董辉,8758.0,普通职员
刘淑兰,8397.0,普通职员
张芳,15329.0,中层管理
姚璐,15161.0,中层管理
唐桂香,15985.0,中层管理
张波,15520.0,中层管理
陈小红,8000.0,普通职员
杨彬,7545.0,普通职员
黄冬梅,18964.0,中层管理
叶丽,15471.0,中层管理
孔晶,8000.0,普通职员
王帆,8077.0,普通职员
朱彬,15784.0,中层管理
毛玉兰,18125.0,中层管理
全洁,18701.0,中层管理
杨荣,7788.0,普通职员
张娜,8000.0,普通职员
张桂荣,15308.0,中层管理
鞠静,8426.0,普通职员
刘建,7845.0,普通职员
蒋秀荣,9441.0,普通职员
段倩,15333.0,中层管理
初东,15736.0,中层管理
夏红霞,15901.0,中层管理
王秀梅,15323.0,中层管理
刘春梅,15949.0,中层管理
李梅,8000.0,普通职员
洪雪梅,8000.0,普通职员
王晶,15478.0,中层管理
林婷婷,8000.0,普通职员
张琳,8170.0,普通职员
张亮,17448.0,中层管理
李林,9520.0,普通职员
周志强,15727.0,中层管理
熊建平,8000.0,普通职员
唐龙,8928.0,普通职员
陈倩,7681.0,普通职员
李宁,8000.0,普通职员
汪志强,18715.0,中层管理
姜静,17091.0,中层管理
赵阳,7785.0,普通职员
陈凯,8000.0,普通职员
黎帆,9370.0,普通职员
刘凤兰,8000.0,普通职员
张萍,9469.0,普通职员
郭坤,16318.0,中层管理
张强,7446.0,普通职员
徐红霞,18394.0,中层管理
张强,17954.0,中层管理
张林,8793.0,普通职员
张春梅,19103.0,中层管理
郭勇,8000.0,普通职员
刘斌,8178.0,普通职员
马云,8061.0,普通职员
苗瑞,15804.0,中层管理
陈桂花,19941.0,中层管理
巩刚,15171.0,中层管理
韦瑜,9074.0,普通职员
袁楠,8924.0,普通职员
甘坤,7544.0,普通职员
田龙,15850.0,中层管理
成小红,8754.0,普通职员
龙欣,18427.0,中层管理
辛雪,9672.0,普通职员
胡欣,17249.0,中层管理
范丽娟,7715.0,普通职员
李敏,16301.0,中层管理
谢丹丹,8810.0,普通职员
邓琳,15521.0,中层管理
邹洋,8661.0,普通职员
郑颖,7321.0,普通职员
陈柳,15115.0,中层管理
卢想,9183.0,普通职员
蒋帆,15531.0,中层管理
苏健,8000.0,普通职员
黄秀荣,15018.0,中层管理
杨建平,15648.0,中层管理
蒋丽,15208.0,中层管理
邓岩,8000.0,普通职员
刘倩,9292.0,普通职员
赵文,15046.0,中层管理
王刚,8000.0,普通职员
郑兰英,7294.0,普通职员
周秀华,15005.0,中层管理
王凤兰,15514.0,中层管理
明桂花,15956.0,中层管理
林春梅,8000.0,普通职员
陈玉兰,15342.0,中层管理
韩淑英,15913.0,中层管理
贾凤兰,7035.0,普通职员
唐斌,15058.0,中层管理
张坤,8000.0,普通职员
蔡玉,7511.0,普通职员
范秀珍,8546.0,普通职员
李慧,15367.0,中层管理
奚磊,8000.0,普通职员
耿冬梅,8000.0,普通职员
朴建,8864.0,普通职员
刘桂兰,18650.0,中层管理
戎秀珍,7468.0,普通职员
赫建军,15372.0,中层管理
赵桂香,8000.0,普通职员
胡洋,8000.0,普通职员
吴小红,15813.0,中层管理
吴丹,9048.0,普通职员
王坤,7270.0,普通职员
胡阳,15146.0,中层管理
龙敏,7915.0,普通职员
刘辉,8000.0,普通职员
李凯,8000.0,普通职员
郑荣,15035.0,中层管理
孟婷婷,15427.0,中层管理
冯秀云,8000.0,普通职员
余亮,15047.0,中层管理
马波,15021.0,中层管理
侯小红,8000.0,普通职员
廉建,15985.0,中层管理
谢秀珍,9099.0,普通职员
李娟,7418.0,普通职员
隋莉,8000.0,普通职员
彭兵,8000.0,普通职员
薛东,18069.0,中层管理
赵淑华,8000.0,普通职员
葛建平,8000.0,普通职员
陈帅,18167.0,中层管理
范淑兰,15651.0,中层管理
郭金凤,7687.0,普通职员
赵颖,15671.0,中层管理
王建国,,中层管理
王玉梅,18166.0,中层管理
张娟,8000.0,普通职员
卜龙,7619.0,普通职员
刘莉,15284.0,中层管理
李云,19095.0,中层管理
戴桂珍,15309.0,中层管理
樊畅,19112.0,中层管理
刘欣,8000.0,普通职员
王丽丽,19476.0,中层管理
蔡芳,9245.0,普通职员
李玉华,15806.0,中层管理
萧军,17810.0,中层管理
王秀芳,7645.0,普通职员
解英,18392.0,中层管理
张桂兰,8000.0,普通职员
王晶,16481.0,中层管理
钱东,19417.0,中层管理
晁飞,9138.0,普通职员
蒋彬,19919.0,中层管理
乐金凤,15841.0,中层管理
阳冬梅,15115.0,中层管理
孙玉梅,565978.0,高层管理
樊超,18760.0,中层管理
关红,15920.0,中层管理
甘颖,15976.0,中层管理
谭利,9369.0,普通职员
柯秀英,8000.0,普通职员
郑桂芝,7667.0,普通职员
梁帅,15120.0,中层管理
张海燕,7298.0,普通职员
赵淑英,19016.0,中层管理
郑玉梅,225043.0,高层管理
李杨,7587.0,普通职员
计丽娟,15192.0,中层管理
刘涛,8426.0,普通职员
白秀云,576233.0,高层管理
张琴,8380.0,普通职员
张璐,17647.0,中层管理
陈凤英,15674.0,中层管理
贾婷,8000.0,普通职员
熊丽娟,15728.0,中层管理
黄荣,15680.0,中层管理
阎英,17659.0,中层管理
张欣,15002.0,中层管理
张倩,15531.0,中层管理
郭娟,7133.0,普通职员
范飞,7434.0,普通职员
徐小红,15201.0,中层管理
刘秀英,19831.0,中层管理
黄艳,8000.0,普通职员
程坤,8000.0,普通职员
丁华,19126.0,中层管理
鞠兰英,15905.0,中层管理
赵晨,15569.0,中层管理
乔静,9969.0,普通职员
周阳,202152.0,高层管理
杜芳,8000.0,普通职员
张凤英,18592.0,中层管理
刘建平,8000.0,普通职员
韦秀兰,15571.0,中层管理
萧平,15162.0,中层管理
易娟,7627.0,普通职员
陈春梅,15311.0,中层管理
陶淑华,9528.0,普通职员
邹亮,7289.0,普通职员
李玲,18197.0,中层管理
靳红梅,16411.0,中层管理
赖龙,8000.0,普通职员
董秀芳,15383.0,中层管理
唐想,524844.0,高层管理
孔秀荣,15248.0,中层管理
陈坤,8000.0,普通职员
边丹丹,15230.0,中层管理
梁小红,9875.0,普通职员
刘瑞,16251.0,中层管理
胡桂芳,7209.0,普通职员
谢秀梅,19546.0,中层管理
徐雪,8000.0,普通职员
魏想,15683.0,中层管理
浦玉兰,15489.0,中层管理
戚文,8000.0,普通职员
李淑英,15515.0,中层管理
牛斌,16845.0,中层管理
韩金凤,15542.0,中层管理
丁梅,9256.0,普通职员
李春梅,15479.0,中层管理
王秀荣,8000.0,普通职员
张婷婷,7362.0,普通职员
颜云,7353.0,普通职员
黄玉兰,9446.0,普通职员
贾金凤,15060.0,中层管理
胡兰英,15592.0,中层管理
邱玉华,15320.0,中层管理
徐淑珍,8472.0,普通职员
朱玉兰,19861.0,中层管理
李颖,8000.0,普通职员
李想,9375.0,普通职员
陈秀荣,8000.0,普通职员
李帅,8000.0,普通职员
黄建平,7988.0,普通职员
崔春梅,15741.0,中层管理
陈霞,9491.0,普通职员
王玉梅,8000.0,普通职员
陈飞,,中层管理
聂军,15196.0,中层管理
吴佳,8000.0,普通职员
尤健,15608.0,中层管理
姚玉梅,15896.0,中层管理
陈桂芝,15125.0,中层管理
黄秀云,15604.0,中层管理
姚秀珍,19579.0,中层管理
李晨,15169.0,中层管理
李玲,16513.0,中层管理
王桂珍,8183.0,普通职员
邓秀兰,9982.0,普通职员
曹秀英,15284.0,中层管理
马楠,7697.0,普通职员
王博,19419.0,中层管理
何秀英,19845.0,中层管理
何桂芝,9029.0,普通职员
柴燕,18794.0,中层管理
刘宇,15477.0,中层管理
赖海燕,15042.0,中层管理
李伟,7051.0,普通职员
魏宇,15293.0,中层管理
王桂芝,7697.0,普通职员
刘淑兰,15745.0,中层管理
牛超,8799.0,普通职员
李洁,8107.0,普通职员
舒红,15360.0,中层管理
梁芳,8813.0,普通职员
丰桂珍,18448.0,中层管理
程丽华,18524.0,中层管理
田慧,8771.0,普通职员
何玉英,15608.0,中层管理
林秀珍,8000.0,普通职员
杨东,7066.0,普通职员
武璐,209901.0,高层管理
谭淑珍,7168.0,普通职员
谢琳,15091.0,中层管理
罗玉华,15088.0,中层管理
许娜,7830.0,普通职员
裴峰,7305.0,普通职员
陈倩,16470.0,中层管理
高红霞,7834.0,普通职员
陈秀梅,18684.0,中层管理
赫玉,9157.0,普通职员
曹雷,9754.0,普通职员
贺萍,17384.0,中层管理
刘丽华,7728.0,普通职员
张淑英,15875.0,中层管理
曹龙,15329.0,中层管理
李凤兰,16841.0,中层管理
岳云,249395.0,高层管理
吴玉兰,15464.0,中层管理
葛伟,7638.0,普通职员
吴凯,15314.0,中层管理
崔峰,15546.0,中层管理
王林,7875.0,普通职员
李林,7512.0,普通职员
唐建华,9660.0,普通职员
宁亮,15257.0,中层管理
向玉,7605.0,普通职员
黄秀荣,18043.0,中层管理
张丹,19011.0,中层管理
樊杨,8000.0,普通职员
方凯,15707.0,中层管理
杜建军,8000.0,普通职员
王淑英,18591.0,中层管理
萧秀英,15752.0,中层管理
程雷,7394.0,普通职员
江东,15819.0,中层管理
唐莹,7031.0,普通职员
鹿萍,19621.0,中层管理
王秀荣,9935.0,普通职员
李玉珍,19711.0,中层管理
袁晶,9517.0,普通职员
杨俊,8218.0,普通职员
胡冬梅,15612.0,中层管理
张秀梅,17828.0,中层管理
王磊,8761.0,普通职员
李敏,7173.0,普通职员
孟淑兰,15571.0,中层管理
杨洋,8000.0,普通职员
张秀华,15148.0,中层管理
陈雪梅,19284.0,中层管理
李雪,8000.0,普通职员
孙建平,9782.0,普通职员
张秀珍,15090.0,中层管理
贺梅,8000.0,普通职员
陈宁,15650.0,中层管理
徐桂荣,8000.0,普通职员
李倩,17300.0,中层管理
何峰,7897.0,普通职员
张小红,7096.0,普通职员
李阳,16785.0,中层管理
殷丹丹,15270.0,中层管理
杨莹,8000.0,普通职员
乔瑞,19511.0,中层管理
杨帅,8141.0,普通职员
孟浩,9892.0,普通职员
房欢,15196.0,中层管理
邓丽丽,15876.0,中层管理
黄萍,8591.0,普通职员
崔芳,7052.0,普通职员
李华,18107.0,中层管理
崔明,17033.0,中层管理
黄玉英,15126.0,中层管理
丁芳,8025.0,普通职员
王桂花,15245.0,中层管理
高红霞,8000.0,普通职员
陈丹丹,8000.0,普通职员
秦帆,7127.0,普通职员
陈雪,8000.0,普通职员
刘秀荣,17027.0,中层管理
张平,9379.0,普通职员
朱淑兰,19088.0,中层管理
胡博,7399.0,普通职员
朱建军,7227.0,普通职员
鲁志强,8000.0,普通职员
陈梅,18788.0,中层管理
刘秀云,7823.0,普通职员
雷凤兰,19836.0,中层管理
陈晨,19790.0,中层管理
孙婷,8107.0,普通职员
方洋,7698.0,普通职员
杜刚,8585.0,普通职员
王璐,15507.0,中层管理
申龙,7609.0,普通职员
秦柳,15443.0,中层管理
陈建军,16894.0,中层管理
林雷,15039.0,中层管理
彭峰,15982.0,中层管理
刘玉,15954.0,中层管理
刘辉,8000.0,普通职员
魏桂香,8000.0,普通职员
黄强,15783.0,中层管理
蒋玉英,17934.0,中层管理
王欢,8000.0,普通职员
石帆,15004.0,中层管理
唐亮,8000.0,普通职员
何丽,8337.0,普通职员
顾勇,18596.0,中层管理
李桂香,15520.0,中层管理
尹玉兰,15946.0,中层管理
高雪梅,8646.0,普通职员
李霞,19910.0,中层管理
陆瑞,18874.0,中层管理
曹燕,15147.0,中层管理
吕亮,19050.0,中层管理
宋建军,15525.0,中层管理
杨桂芝,15157.0,中层管理
李磊,8550.0,普通职员
郑丹,15034.0,中层管理
宁丹,17944.0,中层管理
谭晶,7407.0,普通职员
王桂荣,9716.0,普通职员
杨波,18230.0,中层管理
王丽华,15342.0,中层管理
聂兵,8174.0,普通职员
林玉,7302.0,普通职员
郑淑珍,15981.0,中层管理
余冬梅,8000.0,普通职员
孙丹丹,18980.0,中层管理
邹洁,15657.0,中层管理
蒙玉珍,16423.0,中层管理
刘洋,16464.0,中层管理
陈丽娟,8427.0,普通职员
陈璐,18924.0,中层管理
王桂芳,16720.0,中层管理
赖坤,15265.0,中层管理
王桂兰,7643.0,普通职员
李超,7883.0,普通职员
邵俊,15499.0,中层管理
骆东,7020.0,普通职员
杨杨,8000.0,普通职员
吴颖,7725.0,普通职员
王磊,15430.0,中层管理
敖秀珍,8000.0,普通职员
王丽丽,15447.0,中层管理
徐娜,15624.0,中层管理
范颖,15485.0,中层管理
李洁,15752.0,中层管理
李平,15590.0,中层管理
莫楠,15318.0,中层管理
田成,15985.0,中层管理
萧荣,16354.0,中层管理
戴杨,7805.0,普通职员
谭丹丹,8000.0,普通职员
孔淑华,15076.0,中层管理
戈华,9240.0,普通职员
高桂荣,17040.0,中层管理
曹霞,16873.0,中层管理
王宁,8000.0,普通职员
陈丽,19260.0,中层管理
黄玉华,16827.0,中层管理
邹颖,8748.0,普通职员
陈红,8000.0,普通职员
潘玉梅,8456.0,普通职员
徐瑞,15080.0,中层管理
冯刚,8000.0,普通职员
沈玉英,17241.0,中层管理
王成,15840.0,中层管理
高婷婷,16687.0,中层管理
夏秀英,19109.0,中层管理
陈俊,15214.0,中层管理
万丽娟,7224.0,普通职员
姚芳,15497.0,中层管理
卢莉,8000.0,普通职员
刘艳,8391.0,普通职员
程亮,19977.0,中层管理
王想,15263.0,中层管理
罗淑珍,16606.0,中层管理
何文,9471.0,普通职员
刘秀荣,15048.0,中层管理
莫佳,8000.0,普通职员
陈秀芳,18201.0,中层管理
黄军,15169.0,中层管理
李琳,7917.0,普通职员
赵建华,18991.0,中层管理
王丽华,19660.0,中层管理
张浩,16466.0,中层管理
刘明,8292.0,普通职员
罗亮,7575.0,普通职员
秦平,17401.0,中层管理
田文,8000.0,普通职员
李磊,9051.0,普通职员
李秀荣,8552.0,普通职员
赵东,8981.0,普通职员
张飞,9047.0,普通职员
陶龙,15380.0,中层管理
刘玉梅,9252.0,普通职员
王阳,19376.0,中层管理
李娟,18115.0,中层管理
张斌,17050.0,中层管理
曾雪梅,8000.0,普通职员
杨桂英,16863.0,中层管理
顾慧,18978.0,中层管理
杨利,15535.0,中层管理
梁桂兰,16762.0,中层管理
冯静,18506.0,中层管理
陆欢,8000.0,普通职员
刘峰,15263.0,中层管理
张桂荣,15075.0,中层管理
赵龙,15928.0,中层管理
吕凤兰,7758.0,普通职员
曹雪梅,8000.0,普通职员
陈秀芳,9202.0,普通职员
黄梅,,普通职员
郭红,8000.0,普通职员
周波,7659.0,普通职员
陈秀云,16294.0,中层管理
赵瑜,15396.0,中层管理
彭海燕,17255.0,中层管理
佟博,15195.0,中层管理
殷飞,9109.0,普通职员
李丽丽,7366.0,普通职员
杨霞,15954.0,中层管理
孔婷婷,15083.0,中层管理
沈杨,7261.0,普通职员
李琴,9664.0,普通职员
邓成,15266.0,中层管理
黄阳,8000.0,普通职员
黄勇,7168.0,普通职员
姜帅,18435.0,中层管理
吕龙,15674.0,中层管理
杨帅,9619.0,普通职员
刘金凤,8000.0,普通职员
李丽,15766.0,中层管理
贾玉英,19647.0,中层管理
姜秀华,7927.0,普通职员
刘超,8000.0,普通职员
马东,585048.0,高层管理
赵敏,8000.0,普通职员
李建军,15283.0,中层管理
陈丽华,16645.0,中层管理
牟勇,9048.0,普通职员
苗秀梅,15511.0,中层管理
史帅,15478.0,中层管理
廖建,8000.0,普通职员
丁桂兰,8000.0,普通职员
刘明,15033.0,中层管理
罗坤,19252.0,中层管理
董淑兰,19508.0,中层管理
吴帆,7630.0,普通职员
王建平,8386.0,普通职员
詹丽华,15319.0,中层管理
唐秀珍,19728.0,中层管理
张成,7761.0,普通职员
曲丹,15865.0,中层管理
巩鹏,18126.0,中层管理
刘颖,15886.0,中层管理
游琳,15444.0,中层管理
熊桂英,15533.0,中层管理
陈淑珍,17448.0,中层管理
张金凤,7653.0,普通职员
沈瑞,7420.0,普通职员
何建华,19882.0,中层管理
袁磊,8000.0,普通职员
赵雪梅,8000.0,普通职员
熊秀云,9250.0,普通职员
胡玉珍,9723.0,普通职员
许文,17280.0,中层管理
邱建,9154.0,普通职员
乔桂花,8000.0,普通职员
黄红霞,7841.0,普通职员
卞颖,8000.0,普通职员
洪军,17137.0,中层管理
宋桂芳,9659.0,普通职员
崔桂荣,8000.0,普通职员
朱桂芳,7495.0,普通职员
龙雷,17520.0,中层管理
陈志强,15595.0,中层管理
李磊,18658.0,中层管理
滕佳,17096.0,中层管理
杨莉,15672.0,中层管理
张博,15033.0,中层管理
李岩,7119.0,普通职员
朱杨,8000.0,普通职员
马桂芝,16123.0,中层管理
马兰英,18071.0,中层管理
黄洋,8000.0,普通职员
田鑫,567359.0,高层管理
郑金凤,15994.0,中层管理
萧平,15413.0,中层管理
蒋建国,15604.0,中层管理
吴兰英,8978.0,普通职员
李利,18894.0,中层管理
翟丽娟,17658.0,中层管理
罗坤,506876.0,高层管理
门浩,8000.0,普通职员
倪慧,16064.0,中层管理
崔阳,19406.0,中层管理
钱龙,8000.0,普通职员
陈斌,15124.0,中层管理
张秀珍,9148.0,普通职员
高洋,7793.0,普通职员
王岩,8000.0,普通职员
陆海燕,15555.0,中层管理
卢强,19943.0,中层管理
韩超,15709.0,中层管理
侯秀华,15742.0,中层管理
梁桂兰,15895.0,中层管理
李冬梅,7891.0,普通职员
王霞,15412.0,中层管理
赵桂芳,7721.0,普通职员
任东,7851.0,普通职员
刘健,16712.0,中层管理
张淑珍,8000.0,普通职员
毛雪,7946.0,普通职员
张秀英,16734.0,中层管理
宋磊,15481.0,中层管理
黎莹,8027.0,普通职员
朱英,9783.0,普通职员
邹杨,8569.0,普通职员
吕凯,15894.0,中层管理
易莉,15529.0,中层管理
詹秀云,15206.0,中层管理
蒲兰英,8000.0,普通职员
黄秀英,7150.0,普通职员
王波,16700.0,中层管理
景宁,15060.0,中层管理
王彬,8170.0,普通职员
谢杰,7039.0,普通职员
廖兰英,15571.0,中层管理
刘文,8000.0,普通职员
陈英,8000.0,普通职员
郭丹丹,15183.0,中层管理
李辉,8072.0,普通职员
王琳,7454.0,普通职员
陈帆,222910.0,高层管理
刘春梅,17659.0,中层管理
陈秀芳,15578.0,中层管理
范凤英,15748.0,中层管理
康丹丹,532396.0,高层管理
王淑华,7237.0,普通职员
陈秀华,15220.0,中层管理
曹玉珍,18934.0,中层管理
董强,7040.0,普通职员
魏淑兰,15411.0,中层管理
张桂兰,7003.0,普通职员
张丽娟,15676.0,中层管理
李兵,8000.0,普通职员
张晨,8600.0,普通职员
卢桂芝,7714.0,普通职员
葛洋,15670.0,中层管理
郭雪,7993.0,普通职员
杨平,7537.0,普通职员
陈桂香,15958.0,中层管理
张秀云,16588.0,中层管理
曾成,7165.0,普通职员
陈斌,19823.0,中层管理
徐彬,8551.0,普通职员
张畅,17963.0,中层管理
任建,15658.0,中层管理
周宇,15050.0,中层管理
赵桂香,16362.0,中层管理
陈海燕,16990.0,中层管理
曾秀英,7369.0,普通职员
张利,16935.0,中层管理
余伟,8203.0,普通职员
李丽丽,18042.0,中层管理
柯红梅,15595.0,中层管理
李博,9701.0,普通职员
蔡晨,7983.0,普通职员
李秀珍,17462.0,中层管理
韦婷婷,9468.0,普通职员
文洁,7690.0,普通职员
王帆,15880.0,中层管理
夏涛,18033.0,中层管理
赵丹,7075.0,普通职员
崔宁,18816.0,中层管理
杨玲,15626.0,中层管理
李秀珍,7167.0,普通职员
池建军,7739.0,普通职员
谭平,9758.0,普通职员
孙玉英,19454.0,中层管理
何平,18111.0,中层管理
姜桂芝,7557.0,普通职员
王鹏,9954.0,普通职员
王桂芳,9122.0,普通职员
刘桂芝,8000.0,普通职员
梁明,15538.0,中层管理
梁秀芳,17893.0,中层管理
郑玉英,9852.0,普通职员
朱畅,7697.0,普通职员
刘强,15702.0,中层管理
黎超,7783.0,普通职员
吴岩,9735.0,普通职员
朱丽,9663.0,普通职员
杨琴,8444.0,普通职员
张玉华,8673.0,普通职员
郭雪梅,15563.0,中层管理
张春梅,8205.0,普通职员
何俊,8674.0,普通职员
刘旭,8000.0,普通职员
胡华,8797.0,普通职员
王华,7881.0,普通职员
张志强,15228.0,中层管理
王建国,8000.0,普通职员
祝小红,18785.0,中层管理
傅洁,15286.0,中层管理
杨莉,7597.0,普通职员
陈桂芝,15361.0,中层管理
陈刚,7521.0,普通职员
沈秀梅,19655.0,中层管理
刘浩,18280.0,中层管理
吉芳,15402.0,中层管理
卫勇,8000.0,普通职员
张琳,17949.0,中层管理
杨瑞,8523.0,普通职员
